EAR,BlinkCount,ClosureDuration,PhoneDetected,DistractionDuration,RiskScore,Label,Timestamp
0.26382126314153065,0,0.0,0,0.0,0.0,LOW,2026-02-14 21:19:51
0.2715805671647782,0,0.0,0,0.0,0.0,LOW,2026-02-14 21:19:51
0.22551252888275475,0,0.0,0,0.0,0.0,LOW,2026-02-14 21:19:51
0.27299815688893814,0,0.0,0,0.0,0.0,LOW,2026-02-14 21:19:51
0.27710153105936774,0,0.0,0,0.0,0.0,LOW,2026-02-14 21:19:51
0.287607528292699,0,0.0,0,0.0,0.0,LOW,2026-02-14 21:19:51
0.3171919615552682,0,0.0,0,0.0,0.0,LOW,2026-02-14 21:19:51
0.28793317938305646,0,0.0,0,0.0,0.0,LOW,2026-02-14 21:19:51
0.29466741746569813,0,0.0,0,0.0,0.0,LOW,2026-02-14 21:19:51
0.26540631982630064,0,0.0,0,0.0,0.0,LOW,2026-02-14 21:19:51
0.24535780655513117,0,0.0,0,0.0,0.0,LOW,2026-02-14 21:19:51
0.24636824283096392,0,0.0,0,0.0,0.0,LOW,2026-02-14 21:19:51
0.266900209909549,0,0.0,0,0.0,0.0,LOW,2026-02-14 21:19:51
0.30983368754204,0,0.0,0,0.0,0.0,LOW,2026-02-14 21:19:51
0.2945350677569659,0,0.0,0,0.0,0.0,LOW,2026-02-14 21:19:51
0.30114263100996197,0,0.0,0,0.0,0.0,LOW,2026-02-14 21:19:51
0.3094948088154922,0,0.0,0,0.0,0.0,LOW,2026-02-14 21:19:51
0.3053551084534484,0,0.0,0,0.0,0.0,LOW,2026-02-14 21:19:51
0.2985369454974721,0,0.0,0,0.0,0.0,LOW,2026-02-14 21:19:51
0.28819006309206274,0,0.0,0,0.0,0.0,LOW,2026-02-14 21:19:51
0.2935979111589713,0,0.0,0,0.0,0.0,LOW,2026-02-14 21:19:51
0.2847360627502928,0,0.0,0,0.0,0.0,LOW,2026-02-14 21:19:51
0.2933510334622743,0,0.0,0,0.0,0.0,LOW,2026-02-14 21:19:51
0.2976016456321872,0,0.0,0,0.0,0.0,LOW,2026-02-14 21:19:51
0.2868707910109961,0,0.0,0,0.0,0.0,LOW,2026-02-14 21:19:51
0.29284188166038455,0,0.0,0,0.0,0.0,LOW,2026-02-14 21:19:51
0.2773129039889603,0,0.0,0,0.0,0.0,LOW,2026-02-14 21:19:51
0.25815471752693353,0,0.0,0,0.0,0.0,LOW,2026-02-14 21:19:51
0.29321327171000705,0,0.0,0,0.0,0.0,LOW,2026-02-14 21:19:51
0.31526373205835156,0,0.0,0,0.0,0.0,LOW,2026-02-14 21:19:51
0.3063980136791103,0,0.0,0,0.0,0.0,LOW,2026-02-14 21:19:51
0.25962318016266717,0,0.0,0,0.0,0.0,LOW,2026-02-14 21:19:51
0.34347650531283225,0,0.0,0,0.0,0.0,LOW,2026-02-14 21:19:51
0.3136026588449834,0,0.0,0,0.0,0.0,LOW,2026-02-14 21:19:51
0.28794722587191635,0,0.0,0,0.0,0.0,LOW,2026-02-14 21:19:51
0.3479307688334374,0,0.0,0,0.0,0.0,LOW,2026-02-14 21:19:51
0.29736476653995564,0,0.0,0,0.0,0.0,LOW,2026-02-14 21:19:51
0.3142527673118809,0,0.0,0,0.0,0.0,LOW,2026-02-14 21:19:51
0.32169958611946126,0,0.0,0,0.0,0.0,LOW,2026-02-14 21:19:51
0.31380280765891916,0,0.0,0,0.0,0.0,LOW,2026-02-14 21:19:51
0.31212479898418877,0,0.0,0,0.0,0.0,LOW,2026-02-14 21:19:51
0.2985382394686388,0,0.0,0,0.0,0.0,LOW,2026-02-14 21:19:51
0.2883834652537517,0,0.0,0,0.0,0.0,LOW,2026-02-14 21:19:51
0.2628211606307763,0,0.0,0,0.0,0.0,LOW,2026-02-14 21:19:51
0.1955221556599574,0,0.0,0,0.0,100.0,HIGH,2026-02-14 21:19:51
0.23395162404202025,0,0.0,0,0.0,0.0,LOW,2026-02-14 21:19:51
0.268524153740453,0,0.0,0,0.0,0.0,LOW,2026-02-14 21:19:51
0.2792985732432339,0,0.0,0,0.0,0.0,LOW,2026-02-14 21:19:51
0.2549116851982902,0,0.0,0,0.0,0.0,LOW,2026-02-14 21:19:51
0.2659222429998831,0,0.0,0,0.0,0.0,LOW,2026-02-14 21:19:51
0.261395790538019,0,0.0,0,0.0,0.0,LOW,2026-02-14 21:19:51
0.22581976073792254,0,0.0,0,0.0,0.0,LOW,2026-02-14 21:19:51
0.28289202376247685,0,0.0,0,0.0,0.0,LOW,2026-02-14 21:19:51
0.24676758718121294,0,0.0,0,0.0,0.0,LOW,2026-02-14 21:19:51
0.23411890322184165,0,0.0,0,0.0,0.0,LOW,2026-02-14 21:19:51
0.2730742796188372,0,0.0,0,0.0,0.0,LOW,2026-02-14 21:19:51
0.236798205420431,0,0.0,0,0.0,0.0,LOW,2026-02-14 21:19:51
0.23456172875473602,0,0.0,0,0.0,0.0,LOW,2026-02-14 21:19:51
0.27411312000475574,0,0.0,0,0.0,0.0,LOW,2026-02-14 21:19:51
0.26900731373015657,0,0.0,0,0.0,0.0,LOW,2026-02-14 21:19:51
0.2695216786660756,0,0.0,0,0.0,0.0,LOW,2026-02-14 21:19:51
0.2446843079066479,0,0.0,0,0.0,0.0,LOW,2026-02-14 21:19:51
0.271370087618194,0,0.0,0,0.0,0.0,LOW,2026-02-14 21:19:51
0.25640802527141626,0,0.0,0,0.0,0.0,LOW,2026-02-14 21:19:51
0.23388133501940073,0,0.0,0,0.0,0.0,LOW,2026-02-14 21:19:51
0.2836033970560523,0,0.0,0,0.0,0.0,LOW,2026-02-14 21:19:51
0.22690314496029973,0,0.0,0,0.0,0.0,LOW,2026-02-14 21:19:51
0.27288638504161933,0,0.0,0,0.0,0.0,LOW,2026-02-14 21:19:51
0.26579219905169393,0,0.0,0,0.0,0.0,LOW,2026-02-14 21:19:51
0.2571740118876127,0,0.0,0,0.0,0.0,LOW,2026-02-14 21:19:51
0.2822806116093121,0,0.0,0,0.0,0.0,LOW,2026-02-14 21:19:51
0.2681628510301691,0,0.0,0,0.0,0.0,LOW,2026-02-14 21:19:51
0.26304328616994166,0,0.0,0,0.0,0.0,LOW,2026-02-14 21:19:51
0.27137786121351315,0,0.0,0,0.0,0.0,LOW,2026-02-14 21:19:51
0.2693724935221693,0,0.0,0,0.0,0.0,LOW,2026-02-14 21:19:51
0.282613434575783,0,0.0,0,0.0,0.0,LOW,2026-02-14 21:19:51
0.27900986105062053,0,0.0,0,0.0,0.0,LOW,2026-02-14 21:19:51
0.27983577339696214,0,0.0,0,0.0,0.0,LOW,2026-02-14 21:19:51
0.23891500762755835,0,0.0,0,0.0,0.0,LOW,2026-02-14 21:19:51
0.2628905397078777,0,0.0,0,0.0,0.0,LOW,2026-02-14 21:19:51
0.28652757260139927,0,0.0,0,0.0,0.0,LOW,2026-02-14 21:19:51
0.2709379046461061,0,0.0,0,0.0,0.0,LOW,2026-02-14 21:19:51
0.2896620776112685,0,0.0,0,0.0,0.0,LOW,2026-02-14 21:19:51
0.2542688204404461,0,0.0,0,0.0,0.0,LOW,2026-02-14 21:19:51
0.269896749617793,0,0.0,0,0.0,0.0,LOW,2026-02-14 21:19:51
0.2806232119652161,0,0.0,0,0.0,0.0,LOW,2026-02-14 21:19:51
0.2767683447634318,0,0.0,0,0.0,0.0,LOW,2026-02-14 21:19:51
0.2964326306389353,0,0.0,0,0.0,0.0,LOW,2026-02-14 21:19:51
0.2757457336255308,0,0.0,0,0.0,0.0,LOW,2026-02-14 21:19:51
0.28476945356628586,0,0.0,0,0.0,0.0,LOW,2026-02-14 21:19:51
0.2832701758142947,0,0.0,0,0.0,0.0,LOW,2026-02-14 21:19:51
0.2806232119652161,0,0.0,0,0.0,0.0,LOW,2026-02-14 21:19:51
0.27051033863620827,0,0.0,0,0.0,0.0,LOW,2026-02-14 21:19:51
0.27586192842182866,0,0.0,0,0.0,0.0,LOW,2026-02-14 21:19:51
0.2874205613240797,0,0.0,0,0.0,0.0,LOW,2026-02-14 21:19:51
0.27392826674155274,0,0.0,0,0.0,0.0,LOW,2026-02-14 21:19:51
0.29587625337866186,0,0.0,0,0.0,0.0,LOW,2026-02-14 21:19:51
0.29072096577884854,0,0.0,0,0.0,0.0,LOW,2026-02-14 21:19:51
0.2681905125984212,0,0.0,0,0.0,0.0,LOW,2026-02-14 21:19:51
0.2961675838564404,0,0.0,0,0.0,0.0,LOW,2026-02-14 21:19:51
0.3077065520992869,0,0.0,0,0.0,0.0,LOW,2026-02-14 21:19:51
0.3026310070677474,0,0.0,0,0.0,0.0,LOW,2026-02-14 21:19:51
0.26963733708743765,0,0.0,0,0.0,0.0,LOW,2026-02-14 21:19:51
0.29769584669802174,0,0.0,0,0.0,0.0,LOW,2026-02-14 21:19:51
0.2752046348125457,0,0.0,0,0.0,0.0,LOW,2026-02-14 21:19:51
0.28492505723024225,0,0.0,0,0.0,0.0,LOW,2026-02-14 21:19:51
0.2742940046129885,0,0.0,0,0.0,0.0,LOW,2026-02-14 21:19:51
0.29530105264407225,0,0.0,0,0.0,0.0,LOW,2026-02-14 21:19:51
0.2849498290778372,0,0.0,0,0.0,0.0,LOW,2026-02-14 21:19:51
0.26451913186245263,0,0.0,0,0.0,0.0,LOW,2026-02-14 21:19:51
0.28995475640120527,0,0.0,0,0.0,0.0,LOW,2026-02-14 21:19:51
0.24312497449931542,0,0.0,0,0.0,0.0,LOW,2026-02-14 21:19:51
0.25835154404835736,0,0.0,0,0.0,0.0,LOW,2026-02-14 21:19:51
0.2742940046129885,0,0.0,0,0.0,0.0,LOW,2026-02-14 21:19:51
0.2845894527292028,0,0.0,0,0.0,0.0,LOW,2026-02-14 21:19:51
0.27934045450907785,0,0.0,0,0.0,0.0,LOW,2026-02-14 21:19:51
0.2892542444527863,0,0.0,0,0.0,0.0,LOW,2026-02-14 21:19:51
0.29266775377965426,0,0.0,0,0.0,0.0,LOW,2026-02-14 21:19:51
0.28470739840795833,0,0.0,0,0.0,0.0,LOW,2026-02-14 21:19:51
0.2905588766833606,0,0.0,0,0.0,0.0,LOW,2026-02-14 21:19:51
0.27909803752770795,0,0.0,0,0.0,0.0,LOW,2026-02-14 21:19:51
0.3175841992372458,0,0.0,0,0.0,0.0,LOW,2026-02-14 21:19:51
0.28822778347386546,0,0.0,0,0.0,0.0,LOW,2026-02-14 21:19:51
0.28260571729425643,0,0.0,1,0.0,0.0,LOW,2026-02-14 21:19:51
0.29661114924676313,0,0.0,0,0.0,0.0,LOW,2026-02-14 21:19:51
0.31678109244601815,0,0.0,0,0.0,0.0,LOW,2026-02-14 21:19:51
0.31173215486458283,0,0.0,0,0.0,0.0,LOW,2026-02-14 21:19:51
0.2718623164604231,0,0.0,0,0.0,0.0,LOW,2026-02-14 21:19:51
0.319309280694857,0,0.0,0,0.0,0.0,LOW,2026-02-14 21:19:51
0.303576854241251,0,0.0,0,0.0,0.0,LOW,2026-02-14 21:19:51
0.3219024867361181,0,0.0,0,0.0,0.0,LOW,2026-02-14 21:19:51
0.29593879998968886,0,0.0,0,0.0,0.0,LOW,2026-02-14 21:19:51
0.2994983911442529,0,0.0,0,0.0,0.0,LOW,2026-02-14 21:19:51
0.2875840219768978,0,0.0,0,0.0,0.0,LOW,2026-02-14 21:19:51
0.2802582178223806,0,0.0,0,0.0,0.0,LOW,2026-02-14 21:19:51
0.25446191356511133,0,0.0,0,0.0,0.0,LOW,2026-02-14 21:19:51
0.3004390598997664,0,0.0,0,0.0,0.0,LOW,2026-02-14 21:19:51
0.2708148821334775,0,0.0,0,0.0,0.0,LOW,2026-02-14 21:19:51
0.2811247311789441,0,0.0,0,0.0,0.0,LOW,2026-02-14 21:19:51
0.2755539008798018,0,0.0,0,0.0,0.0,LOW,2026-02-14 21:19:51
0.31604804145557097,0,0.0,0,0.0,0.0,LOW,2026-02-14 21:19:51
0.3193248795747707,0,0.0,0,0.0,0.0,LOW,2026-02-14 21:19:51
0.2991595209559773,0,0.0,0,0.0,0.0,LOW,2026-02-14 21:19:51
0.31995022079134594,0,0.0,0,0.0,0.0,LOW,2026-02-14 21:19:51
0.29953103812577675,0,0.0,0,0.0,0.0,LOW,2026-02-14 21:19:51
0.32309511625679127,0,0.0,0,0.0,0.0,LOW,2026-02-14 21:19:51
0.30301799966347065,0,0.0,0,0.0,0.0,LOW,2026-02-14 21:19:51
0.33552921005593694,0,0.0,0,0.0,0.0,LOW,2026-02-14 21:19:51
0.30950036663584046,0,0.0,0,0.0,0.0,LOW,2026-02-14 21:19:51
0.29426246502249487,0,0.0,0,0.0,0.0,LOW,2026-02-14 21:19:51
0.29475527282601344,0,0.0,0,0.0,0.0,LOW,2026-02-14 21:19:51
0.3280284625968667,0,0.0,0,0.0,0.0,LOW,2026-02-14 21:19:51
0.34027441447147777,0,0.0,0,0.0,0.0,LOW,2026-02-14 21:19:51
0.33796932015233494,0,0.0,0,0.0,0.0,LOW,2026-02-14 21:19:51
0.338790063216726,0,0.0,0,0.0,0.0,LOW,2026-02-14 21:19:51
0.35067466724505136,0,0.0,0,0.0,0.0,LOW,2026-02-14 21:19:51
0.32912937643197837,0,0.0,0,0.0,0.0,LOW,2026-02-14 21:19:51
0.32077477951414535,0,0.0,0,0.0,0.0,LOW,2026-02-14 21:19:51
0.3020968588563424,0,0.0,0,0.0,0.0,LOW,2026-02-14 21:19:51
0.2890821741255689,0,0.0,0,0.0,0.0,LOW,2026-02-14 21:19:51
0.30644591828892537,0,0.0,0,0.0,0.0,LOW,2026-02-14 21:19:51
0.30634290284190197,0,0.0,0,0.0,0.0,LOW,2026-02-14 21:19:51
0.29814828985223296,0,0.0,0,0.0,0.0,LOW,2026-02-14 21:19:51
0.3107990151856259,0,0.0,0,0.0,0.0,LOW,2026-02-14 21:19:51
0.3128496977436145,0,0.0,0,0.0,0.0,LOW,2026-02-14 21:19:51
0.30289146438827974,0,0.0,0,0.0,0.0,LOW,2026-02-14 21:19:51
0.2759790053081227,0,0.0,0,0.0,0.0,LOW,2026-02-14 21:19:51
0.3182744650287695,0,0.0,0,0.0,0.0,LOW,2026-02-14 21:19:51
0.3260928781522592,0,0.0,0,0.0,0.0,LOW,2026-02-14 21:19:51
0.3004044631552899,0,0.0,0,0.0,0.0,LOW,2026-02-14 21:19:51
0.2848314330022014,0,0.0,0,0.0,0.0,LOW,2026-02-14 21:19:51
0.30851728632349174,0,0.0,0,0.0,0.0,LOW,2026-02-14 21:19:51
0.294785857574391,0,0.0,0,0.0,0.0,LOW,2026-02-14 21:19:51
0.30384562441014246,0,0.0,0,0.0,0.0,LOW,2026-02-14 21:19:51
0.29685003511245767,0,0.0,0,0.0,0.0,LOW,2026-02-14 21:19:51
0.31504914982573307,0,0.0,0,0.0,0.0,LOW,2026-02-14 21:19:51
0.3274605946011777,0,0.0,0,0.0,0.0,LOW,2026-02-14 21:19:51
0.3081006678073349,0,0.0,1,0.0,0.0,LOW,2026-02-14 21:19:51
0.28148362952258266,0,0.0,0,0.0,0.0,LOW,2026-02-14 21:19:51
0.28905332336858136,0,0.0,0,0.0,0.0,LOW,2026-02-14 21:19:51
0.3226680804172447,0,0.0,0,0.0,0.0,LOW,2026-02-14 21:19:51
0.2836392117833513,0,0.0,0,0.0,0.0,LOW,2026-02-14 21:19:51
0.29042374075853344,0,0.0,0,0.0,0.0,LOW,2026-02-14 21:19:51
0.314542122428034,0,0.0,0,0.0,0.0,LOW,2026-02-14 21:19:51
0.2978003236640513,0,0.0,0,0.0,0.0,LOW,2026-02-14 21:19:51
0.2985236377706159,0,0.0,0,0.0,0.0,LOW,2026-02-14 21:19:51
0.2951319245725018,0,0.0,0,0.0,0.0,LOW,2026-02-14 21:19:51
0.29239951658420144,0,0.0,0,0.0,0.0,LOW,2026-02-14 21:19:51
0.29624828718765833,0,0.0,0,0.0,0.0,LOW,2026-02-14 21:19:51
0.29045704293819363,0,0.0,0,0.0,0.0,LOW,2026-02-14 21:19:51
0.32945216819416334,0,0.0,0,0.0,0.0,LOW,2026-02-14 21:19:51
0.3312207835968441,0,0.0,0,0.0,0.0,LOW,2026-02-14 21:19:51
0.31929429103479284,0,0.0,0,0.0,0.0,LOW,2026-02-14 21:19:51
0.30109616007643814,0,0.0,0,0.0,0.0,LOW,2026-02-14 21:19:51
0.28460498941515416,0,0.0,0,0.0,0.0,LOW,2026-02-14 21:19:51
0.28690195425558157,0,0.0,0,0.0,0.0,LOW,2026-02-14 21:19:51
0.2843199699344583,0,0.0,0,0.0,0.0,LOW,2026-02-14 21:19:51
0.2934255302840577,0,0.0,0,0.0,0.0,LOW,2026-02-14 21:19:51
0.3192627397153246,0,0.0,0,0.0,0.0,LOW,2026-02-14 21:19:51
0.2998926747052112,0,0.0,0,0.0,0.0,LOW,2026-02-14 21:19:51
0.2866925667282838,0,0.0,0,0.0,0.0,LOW,2026-02-14 21:19:51
0.3157703428061288,0,0.0,0,0.0,0.0,LOW,2026-02-14 21:19:51
0.2954221964711177,0,0.0,0,0.0,0.0,LOW,2026-02-14 21:19:51
0.28409169064063944,0,0.0,0,0.0,0.0,LOW,2026-02-14 21:19:51
0.27690869855273115,0,0.0,0,0.0,0.0,LOW,2026-02-14 21:19:51
0.2887396250516906,0,0.0,0,0.0,0.0,LOW,2026-02-14 21:19:51
0.27596336829744994,0,0.0,0,0.0,0.0,LOW,2026-02-14 21:19:51
0.3318753585716244,0,0.0,0,0.0,0.0,LOW,2026-02-14 21:19:51
0.3208854298644859,0,0.0,0,0.0,0.0,LOW,2026-02-14 21:19:51
0.27250938798053026,0,0.0,0,0.0,0.0,LOW,2026-02-14 21:19:51
0.2838595223442059,0,0.0,0,0.0,0.0,LOW,2026-02-14 21:19:51
0.27022114366361577,0,0.0,0,0.0,0.0,LOW,2026-02-14 21:19:51
0.27239907493367194,0,0.0,0,0.0,0.0,LOW,2026-02-14 21:19:51
0.28624515496597097,0,0.0,0,0.0,0.0,LOW,2026-02-14 21:19:51
0.29987451322799386,0,0.0,0,0.0,0.0,LOW,2026-02-14 21:19:51
0.28534960706459706,0,0.0,0,0.0,0.0,LOW,2026-02-14 21:19:51
0.30499955571031634,0,0.0,1,0.0,0.0,LOW,2026-02-14 21:19:51
0.2517285197863899,0,0.0,0,0.0,0.0,LOW,2026-02-14 21:19:51
0.286161691921651,0,0.0,0,0.0,0.0,LOW,2026-02-14 21:19:51
0.26660443442829873,0,0.0,0,0.0,0.0,LOW,2026-02-14 21:19:51
0.28894039941476923,0,0.0,0,0.0,0.0,LOW,2026-02-14 21:19:51
0.30466737468258387,0,0.0,0,0.0,0.0,LOW,2026-02-14 21:19:51
0.3030639340770531,0,0.0,0,0.0,0.0,LOW,2026-02-14 21:19:51
0.3059942623695442,0,0.0,0,0.0,0.0,LOW,2026-02-14 21:19:51
0.31080825713514415,0,0.0,0,0.0,0.0,LOW,2026-02-14 21:19:51
0.317991992231671,0,0.0,0,0.0,0.0,LOW,2026-02-14 21:19:51
0.30936292018154665,0,0.0,0,0.0,0.0,LOW,2026-02-14 21:19:51
0.26941289552819586,0,0.0,0,0.0,0.0,LOW,2026-02-14 21:19:51
0.08579447919815826,0,0.0,0,0.0,100.0,HIGH,2026-02-14 21:19:51
0.19537269111820835,0,0.1175541877746582,0,0.0,100.0,HIGH,2026-02-14 21:19:51
0.2810423732971272,1,0.0,0,0.0,0.0,LOW,2026-02-14 21:19:51
0.28544390757535887,1,0.0,0,0.0,0.0,LOW,2026-02-14 21:19:51
0.3039714881352722,1,0.0,0,0.0,0.0,LOW,2026-02-14 21:19:51
0.2960393293988578,1,0.0,0,0.0,0.0,LOW,2026-02-14 21:19:51
0.3163883618269995,1,0.0,0,0.0,0.0,LOW,2026-02-14 21:19:51
0.3039714881352722,1,0.0,0,0.0,0.0,LOW,2026-02-14 21:19:51
0.34466696378571315,1,0.0,0,0.0,0.0,LOW,2026-02-14 21:19:51
0.27909435960152995,1,0.0,0,0.0,0.0,LOW,2026-02-14 21:19:51
0.31516562156876426,1,0.0,0,0.0,0.0,LOW,2026-02-14 21:19:51
0.2812917789044857,1,0.0,0,0.0,0.0,LOW,2026-02-14 21:19:51
0.2754272906426665,1,0.0,0,0.0,0.0,LOW,2026-02-14 21:19:51
0.2567695661160063,1,0.0,0,0.0,0.0,LOW,2026-02-14 21:19:51
0.22056916879890165,1,0.0,0,0.0,0.0,LOW,2026-02-14 21:19:51
0.25377179110365067,1,0.0,0,0.0,0.0,LOW,2026-02-14 21:19:51
0.3173914678177443,1,0.0,1,0.0,0.0,LOW,2026-02-14 21:19:51
0.29176161755257946,1,0.0,0,0.0,0.0,LOW,2026-02-14 21:19:51
0.31312360436923486,1,0.0,0,0.0,0.0,LOW,2026-02-14 21:19:51
0.2939692294275119,1,0.0,0,0.0,0.0,LOW,2026-02-14 21:19:51
0.2784395218732859,1,0.0,0,0.0,0.0,LOW,2026-02-14 21:19:51
0.33074269415031676,1,0.0,0,0.0,0.0,LOW,2026-02-14 21:19:51
0.26472610449684464,1,0.0,0,0.0,0.0,LOW,2026-02-14 21:19:51
0.26790108704663856,1,0.0,0,0.0,0.0,LOW,2026-02-14 21:19:51
0.23017676655544816,1,0.0,0,0.0,0.0,LOW,2026-02-14 21:19:51
0.16619238005641113,1,0.0,0,0.0,100.0,HIGH,2026-02-14 21:19:51
0.2607314633412487,1,0.0,0,0.0,0.0,LOW,2026-02-14 21:19:51
0.26796870035199194,1,0.0,0,0.0,0.0,LOW,2026-02-14 21:19:51
0.294798713463312,1,0.0,0,0.0,0.0,LOW,2026-02-14 21:19:51
0.3055061599402453,1,0.0,0,0.0,0.0,LOW,2026-02-14 21:19:51
0.3070651057566333,1,0.0,0,0.0,0.0,LOW,2026-02-14 21:19:51
0.2785914930197325,1,0.0,0,0.0,0.0,LOW,2026-02-14 21:19:51
0.2859771106938537,1,0.0,0,0.0,0.0,LOW,2026-02-14 21:19:51
0.23431937521534213,1,0.0,0,0.0,0.0,LOW,2026-02-14 21:19:51
0.20146383036755763,1,0.0,0,0.0,2.0,LOW,2026-02-14 21:19:51
0.27759514522999684,1,0.0,0,0.0,0.0,LOW,2026-02-14 21:19:51
0.3200455742501651,1,0.0,0,0.0,0.0,LOW,2026-02-14 21:19:51
0.24782407492332376,1,0.0,0,0.0,0.0,LOW,2026-02-14 21:19:51
0.3139439717171705,1,0.0,0,0.0,0.0,LOW,2026-02-14 21:19:51
0.2978203148491016,1,0.0,0,0.0,0.0,LOW,2026-02-14 21:19:51
0.3010095808052462,1,0.0,0,0.0,0.0,LOW,2026-02-14 21:19:51
0.299669865811944,1,0.0,0,0.0,0.0,LOW,2026-02-14 21:19:51
0.2990792294142178,1,0.0,0,0.0,0.0,LOW,2026-02-14 21:19:51
0.3122501429966479,1,0.0,0,0.0,0.0,LOW,2026-02-14 21:19:51
0.2413056994410054,1,0.0,0,0.0,0.0,LOW,2026-02-14 21:19:51
0.10602222586495089,1,0.0,0,0.0,100.0,HIGH,2026-02-14 21:19:51
0.23321496776488101,1,0.0,0,0.0,0.0,LOW,2026-02-14 21:19:51
0.2932818201245736,1,0.0,0,0.0,0.0,LOW,2026-02-14 21:19:51
0.2976142633256792,1,0.0,0,0.0,0.0,LOW,2026-02-14 21:19:51
0.3142532328839074,1,0.0,0,0.0,0.0,LOW,2026-02-14 21:19:51
0.2770978621221941,1,0.0,0,0.0,0.0,LOW,2026-02-14 21:19:51
0.29228262234990265,1,0.0,0,0.0,0.0,LOW,2026-02-14 21:19:51
0.28570041041096716,1,0.0,0,0.0,0.0,LOW,2026-02-14 21:19:51
0.31734632183303946,1,0.0,0,0.0,0.0,LOW,2026-02-14 21:19:51
0.24512158352370383,1,0.0,0,0.0,0.0,LOW,2026-02-14 21:19:51
0.2413186075170961,1,0.0,0,0.0,0.0,LOW,2026-02-14 21:19:51
0.2887915387916932,1,0.0,0,0.0,0.0,LOW,2026-02-14 21:19:51
0.2872036125422447,1,0.0,0,0.0,0.0,LOW,2026-02-14 21:19:51
0.2948307776846536,1,0.0,0,0.0,0.0,LOW,2026-02-14 21:19:51
0.31734632183303946,1,0.0,0,0.0,0.0,LOW,2026-02-14 21:19:51
0.296402473835157,1,0.0,0,0.0,0.0,LOW,2026-02-14 21:19:51
0.27171571213833456,1,0.0,0,0.0,0.0,LOW,2026-02-14 21:19:51
0.3174037212513491,1,0.0,0,0.0,0.0,LOW,2026-02-14 21:19:51
0.09757096444915438,1,0.0,0,0.0,100.0,HIGH,2026-02-14 21:19:51
0.22424389866085248,1,0.0,0,0.0,0.0,LOW,2026-02-14 21:19:51
0.3052344703275116,1,0.0,0,0.0,0.0,LOW,2026-02-14 21:19:51
0.30652976211862926,1,0.0,0,0.0,0.0,LOW,2026-02-14 21:19:51
0.2858392326907795,1,0.0,0,0.0,0.0,LOW,2026-02-14 21:19:51
0.3140017229238108,1,0.0,0,0.0,0.0,LOW,2026-02-14 21:19:51
0.28050882194203525,1,0.0,0,0.0,0.0,LOW,2026-02-14 21:19:51
0.29320439505714246,1,0.0,0,0.0,0.0,LOW,2026-02-14 21:19:51
0.28282773552727747,1,0.0,0,0.0,0.0,LOW,2026-02-14 21:19:51
0.20579948856525426,1,0.0,0,0.0,0.0,LOW,2026-02-14 21:19:51
0.12785611229169175,1,0.0,0,0.0,100.0,HIGH,2026-02-14 21:19:51
0.2529151540421384,1,0.0,0,0.0,0.0,LOW,2026-02-14 21:19:51
0.29682919865185897,1,0.0,0,0.0,0.0,LOW,2026-02-14 21:19:51
0.29325404068024624,1,0.0,0,0.0,0.0,LOW,2026-02-14 21:19:51
0.2828045731172797,1,0.0,0,0.0,0.0,LOW,2026-02-14 21:19:51
0.32514220811659666,1,0.0,0,0.0,0.0,LOW,2026-02-14 21:19:51
0.11929162565600471,1,0.0,0,0.0,100.0,HIGH,2026-02-14 21:19:51
0.23118014291275546,1,0.0,0,0.0,0.0,LOW,2026-02-14 21:19:51
0.30960445405360165,1,0.0,0,0.0,0.0,LOW,2026-02-14 21:19:51
0.3101207972443596,1,0.0,0,0.0,0.0,LOW,2026-02-14 21:19:51
0.2951291018511907,1,0.0,0,0.0,0.0,LOW,2026-02-14 21:19:51
0.2929981204989845,1,0.0,0,0.0,0.0,LOW,2026-02-14 21:19:51
0.2959401193826267,1,0.0,0,0.0,0.0,LOW,2026-02-14 21:19:51
0.27897273912262804,1,0.0,0,0.0,0.0,LOW,2026-02-14 21:19:51
0.2739066485836137,1,0.0,0,0.0,0.0,LOW,2026-02-14 21:19:51
0.27833715351868565,1,0.0,0,0.0,0.0,LOW,2026-02-14 21:19:51
0.2825620830680665,1,0.0,0,0.0,0.0,LOW,2026-02-14 21:19:51
0.20274685038674842,1,0.0,0,0.0,0.0,LOW,2026-02-14 21:19:51
0.21190903399248498,1,0.0,0,0.0,0.0,LOW,2026-02-14 21:19:51
0.27689176313974273,1,0.0,0,0.0,0.0,LOW,2026-02-14 21:19:51
0.2800936625335207,1,0.0,0,0.0,0.0,LOW,2026-02-14 21:19:51
0.24324406384599212,1,0.0,0,0.0,0.0,LOW,2026-02-14 21:19:51
0.23862897365392294,1,0.0,0,0.0,0.0,LOW,2026-02-14 21:19:51
0.21667281847995967,1,0.0,0,0.0,0.0,LOW,2026-02-14 21:19:51
0.2305425142248363,1,0.0,0,0.0,0.0,LOW,2026-02-14 21:19:51
0.2011474657944805,1,0.0,0,0.0,2.0,LOW,2026-02-14 21:19:51
0.22874901670593617,1,0.0,0,0.0,0.0,LOW,2026-02-14 21:19:51
0.23392909336592865,1,0.0,0,0.0,0.0,LOW,2026-02-14 21:19:51
0.22412279948902697,1,0.0,0,0.0,0.0,LOW,2026-02-14 21:19:51
0.27390360461081165,1,0.0,0,0.0,0.0,LOW,2026-02-14 21:19:51
0.18385293298212463,1,0.0,0,0.0,98.0,HIGH,2026-02-14 21:19:51
0.12120440953399045,1,0.1126248836517334,0,0.0,100.0,HIGH,2026-02-14 21:19:51
0.10549227688871181,1,0.22913169860839844,0,0.0,100.0,HIGH,2026-02-14 21:19:51
0.29896070347630554,2,0.0,0,0.0,0.0,LOW,2026-02-14 21:19:51
0.30175099529413063,2,0.0,0,0.0,0.0,LOW,2026-02-14 21:19:51
0.2926703733615079,2,0.0,0,0.0,0.0,LOW,2026-02-14 21:19:51
0.2920413651385032,2,0.0,0,0.0,0.0,LOW,2026-02-14 21:19:51
0.29479729659493265,2,0.0,0,0.0,0.0,LOW,2026-02-14 21:19:51
0.3164314354372947,2,0.0,0,0.0,0.0,LOW,2026-02-14 21:19:51
0.30802138313045213,2,0.0,0,0.0,0.0,LOW,2026-02-14 21:19:51
0.1448224466270376,2,0.0,0,0.0,100.0,HIGH,2026-02-14 21:19:51
0.0,2,0.0,0,0.0,100.0,HIGH,2026-02-14 21:19:51
0.0,2,0.0,0,0.0,100.0,HIGH,2026-02-14 21:19:51
0.31733390498062447,2,0.0,0,0.0,0.0,LOW,2026-02-14 21:19:51
0.3026940295250116,2,0.0,0,0.0,0.0,LOW,2026-02-14 21:19:51
0.3239944403992268,2,0.0,0,0.0,0.0,LOW,2026-02-14 21:19:51
0.311717936266206,2,0.0,0,0.0,0.0,LOW,2026-02-14 21:19:51
0.319279775828168,2,0.0,0,0.0,0.0,LOW,2026-02-14 21:19:51
0.3097973346892783,2,0.0,0,0.0,0.0,LOW,2026-02-14 21:19:51
0.28185630638631487,2,0.0,0,0.0,0.0,LOW,2026-02-14 21:19:51
0.28894003257013234,2,0.0,0,0.0,0.0,LOW,2026-02-14 21:19:51
0.27428372727980127,2,0.0,0,0.0,0.0,LOW,2026-02-14 21:19:51
0.1886945558842859,2,0.0,0,0.0,99.0,HIGH,2026-02-14 21:19:51
0.24054505743938642,2,0.0,0,0.0,0.0,LOW,2026-02-14 21:19:51
0.239614086917234,2,0.0,0,0.0,0.0,LOW,2026-02-14 21:19:51
0.26209921162089045,2,0.0,0,0.0,0.0,LOW,2026-02-14 21:19:51
0.28134743717363314,2,0.0,0,0.0,0.0,LOW,2026-02-14 21:19:51
0.289981341811572,2,0.0,0,0.0,0.0,LOW,2026-02-14 21:19:51
0.2745097589627806,2,0.0,0,0.0,0.0,LOW,2026-02-14 21:19:51
0.260633136931199,2,0.0,0,0.0,0.0,LOW,2026-02-14 21:19:51
0.18184622802062286,2,0.0,0,0.0,99.0,HIGH,2026-02-14 21:19:51
0.2542478285063974,2,0.0,0,0.0,0.0,LOW,2026-02-14 21:19:51
0.3417890357123037,2,0.0,0,0.0,0.0,LOW,2026-02-14 21:19:51
0.3325767234332404,2,0.0,0,0.0,0.0,LOW,2026-02-14 21:19:51
0.3395192326836972,2,0.0,0,0.0,0.0,LOW,2026-02-14 21:19:51
0.3626990181739403,2,0.0,0,0.0,0.0,LOW,2026-02-14 21:19:51
0.3414046179106859,2,0.0,0,0.0,0.0,LOW,2026-02-14 21:19:51
0.31085915349424775,2,0.0,0,0.0,0.0,LOW,2026-02-14 21:19:51
0.31488711744650283,2,0.0,0,0.0,0.0,LOW,2026-02-14 21:19:51
0.30095176113755806,2,0.0,0,0.0,0.0,LOW,2026-02-14 21:19:51
0.3126939994994406,2,0.0,0,0.0,0.0,LOW,2026-02-14 21:19:51
0.31281257934525575,2,0.0,0,0.0,0.0,LOW,2026-02-14 21:19:51
0.2706129108770403,2,0.0,0,0.0,0.0,LOW,2026-02-14 21:19:51
0.29094303548988076,2,0.0,0,0.0,0.0,LOW,2026-02-14 21:19:51
0.2795625413291793,2,0.0,0,0.0,0.0,LOW,2026-02-14 21:19:51
0.2825683154388918,2,0.0,0,0.0,0.0,LOW,2026-02-14 21:19:51
0.28398455931234423,2,0.0,0,0.0,0.0,LOW,2026-02-14 21:19:51
0.2847854089301418,2,0.0,0,0.0,0.0,LOW,2026-02-14 21:19:51
0.289632833567896,2,0.0,0,0.0,0.0,LOW,2026-02-14 21:19:51
0.23682237489106794,2,0.0,0,0.0,0.0,LOW,2026-02-14 21:19:51
0.2771584555758171,2,0.0,0,0.0,0.0,LOW,2026-02-14 21:19:51
0.23214022503860537,2,0.0,0,0.0,0.0,LOW,2026-02-14 21:19:51
0.2107444396652856,2,0.0,0,0.0,0.0,LOW,2026-02-14 21:19:51
0.2702428673504117,2,0.0,0,0.0,0.0,LOW,2026-02-14 21:19:51
0.2552325191865249,2,0.0,0,0.0,0.0,LOW,2026-02-14 21:19:51
0.2847693575886922,2,0.0,0,0.0,0.0,LOW,2026-02-14 21:19:51
0.2998789925728785,2,0.0,0,0.0,0.0,LOW,2026-02-14 21:19:51
0.2530480521215117,2,0.0,0,0.0,0.0,LOW,2026-02-14 21:19:51
0.29002577058775636,2,0.0,0,0.0,0.0,LOW,2026-02-14 21:19:51
0.30798109748040864,2,0.0,0,0.0,0.0,LOW,2026-02-14 21:19:51
0.29543116219460885,2,0.0,0,0.0,0.0,LOW,2026-02-14 21:19:51
0.2873402413471965,2,0.0,0,0.0,0.0,LOW,2026-02-14 21:19:51
0.09847766218835587,2,0.0,0,0.0,100.0,HIGH,2026-02-14 21:19:51
0.255083443944514,2,0.0,0,0.0,0.0,LOW,2026-02-14 21:19:51
0.29794755280664154,2,0.0,0,0.0,0.0,LOW,2026-02-14 21:19:51
0.3157783187250639,2,0.0,0,0.0,0.0,LOW,2026-02-14 21:19:51
0.26881629684885155,2,0.0,0,0.0,0.0,LOW,2026-02-14 21:19:51
0.3074039755016059,2,0.0,0,0.0,0.0,LOW,2026-02-14 21:19:51
0.2973339343472758,2,0.0,0,0.0,0.0,LOW,2026-02-14 21:19:51
0.273176917697734,2,0.0,0,0.0,0.0,LOW,2026-02-14 21:19:51
0.2749151047508328,2,0.0,0,0.0,0.0,LOW,2026-02-14 21:19:51
0.2800683374665822,2,0.0,0,0.0,0.0,LOW,2026-02-14 21:19:51
0.2605511875403362,2,0.0,0,0.0,0.0,LOW,2026-02-14 21:19:51
0.13586808008906048,2,0.0,0,0.0,100.0,HIGH,2026-02-14 21:19:51
0.23454649544716816,2,0.0,0,0.0,0.0,LOW,2026-02-14 21:19:51
0.2762814753372196,2,0.0,0,0.0,0.0,LOW,2026-02-14 21:19:51
0.2587639043452864,2,0.0,0,0.0,0.0,LOW,2026-02-14 21:19:51
0.29057046006132425,2,0.0,0,0.0,0.0,LOW,2026-02-14 21:19:51
0.3118318836987367,2,0.0,0,0.0,0.0,LOW,2026-02-14 21:19:51
0.253386286589946,2,0.0,0,0.0,0.0,LOW,2026-02-14 21:19:51
0.3045871389889865,2,0.0,0,0.0,0.0,LOW,2026-02-14 21:19:51
0.2954812388891191,2,0.0,0,0.0,0.0,LOW,2026-02-14 21:19:51
0.28509563827933176,2,0.0,0,0.0,0.0,LOW,2026-02-14 21:19:51
0.2935138294701956,2,0.0,0,0.0,0.0,LOW,2026-02-14 21:19:51
0.06920009231370405,2,0.0,0,0.0,100.0,HIGH,2026-02-14 21:19:51
0.25448119529442775,2,0.0,0,0.0,0.0,LOW,2026-02-14 21:19:51
0.3091338110898773,2,0.0,0,0.0,0.0,LOW,2026-02-14 21:19:51
0.2849498290778372,2,0.0,0,0.0,0.0,LOW,2026-02-14 21:19:51
0.28160607561578377,2,0.0,0,0.0,0.0,LOW,2026-02-14 21:19:51
0.2995102215138985,2,0.0,0,0.0,0.0,LOW,2026-02-14 21:19:51
0.2819805584596075,2,0.0,0,0.0,0.0,LOW,2026-02-14 21:19:51
0.284458731112251,2,0.0,0,0.0,0.0,LOW,2026-02-14 21:19:51
0.2957894072035353,2,0.0,0,0.0,0.0,LOW,2026-02-14 21:19:51
0.3097568840943113,2,0.0,0,0.0,0.0,LOW,2026-02-14 21:19:51
0.3444906547703437,2,0.0,0,0.0,0.0,LOW,2026-02-14 21:19:51
0.2427050971728773,2,0.0,0,0.0,0.0,LOW,2026-02-14 21:19:51
0.25098212122457814,2,0.0,0,0.0,0.0,LOW,2026-02-14 21:19:51
0.28345991161831235,2,0.0,0,0.0,0.0,LOW,2026-02-14 21:19:51
0.2860590767477371,2,0.0,0,0.0,0.0,LOW,2026-02-14 21:19:51
0.2587639043452864,2,0.0,0,0.0,0.0,LOW,2026-02-14 21:19:51
0.2757504157100509,2,0.0,0,0.0,0.0,LOW,2026-02-14 21:19:51
0.30830635329358835,2,0.0,0,0.0,0.0,LOW,2026-02-14 21:19:51
0.28160607561578377,2,0.0,0,0.0,0.0,LOW,2026-02-14 21:19:51
0.299252003907483,2,0.0,0,0.0,0.0,LOW,2026-02-14 21:19:51
0.27565197713495926,2,0.0,0,0.0,0.0,LOW,2026-02-14 21:19:51
0.1429886010390608,2,0.0,0,0.0,100.0,HIGH,2026-02-14 21:19:51
0.21539114386606192,2,0.0,0,0.0,0.0,LOW,2026-02-14 21:19:51
0.25488920965832096,2,0.0,0,0.0,0.0,LOW,2026-02-14 21:19:51
0.2765782529029228,2,0.0,0,0.0,0.0,LOW,2026-02-14 21:19:51
0.29774080408669945,2,0.0,0,0.0,0.0,LOW,2026-02-14 21:19:51
0.31452869205773937,2,0.0,0,0.0,0.0,LOW,2026-02-14 21:19:51
0.31043804494566707,2,0.0,0,0.0,0.0,LOW,2026-02-14 21:19:51
0.3058508171981198,2,0.0,0,0.0,0.0,LOW,2026-02-14 21:19:51
0.2688621296733984,2,0.0,0,0.0,0.0,LOW,2026-02-14 21:19:51
0.3278158056403679,2,0.0,0,0.0,0.0,LOW,2026-02-14 21:19:51
0.3159838798504311,2,0.0,0,0.0,0.0,LOW,2026-02-14 21:19:51
0.3065402939337081,2,0.0,0,0.0,0.0,LOW,2026-02-14 21:19:51
0.18934376945090287,2,0.0,0,0.0,99.0,HIGH,2026-02-14 21:19:51
0.2044544676101161,2,0.0,0,0.0,0.0,LOW,2026-02-14 21:19:51
0.28397278113098734,2,0.0,0,0.0,0.0,LOW,2026-02-14 21:19:51
0.16460888360814013,2,0.0,0,0.0,100.0,HIGH,2026-02-14 21:19:51
0.15363265031178486,2,0.1176290512084961,0,0.0,100.0,HIGH,2026-02-14 21:19:51
0.16331794137886618,2,0.2383108139038086,0,0.0,100.0,HIGH,2026-02-14 21:19:51
0.27175084160096846,3,0.0,0,0.0,0.0,LOW,2026-02-14 21:19:51
0.3107081864284996,3,0.0,0,0.0,0.0,LOW,2026-02-14 21:19:51
0.2860590767477371,3,0.0,0,0.0,0.0,LOW,2026-02-14 21:19:51
0.31820510781724787,3,0.0,0,0.0,0.0,LOW,2026-02-14 21:19:51
0.27874924966030645,3,0.0,0,0.0,0.0,LOW,2026-02-14 21:19:51
0.2916818114509475,3,0.0,0,0.0,0.0,LOW,2026-02-14 21:19:51
0.2936277603942314,3,0.0,0,0.0,0.0,LOW,2026-02-14 21:19:51
0.28191859120343277,3,0.0,0,0.0,0.0,LOW,2026-02-14 21:19:51
0.30611668739878206,3,0.0,0,0.0,0.0,LOW,2026-02-14 21:19:51
0.2970907208761502,3,0.0,0,0.0,0.0,LOW,2026-02-14 21:19:51
0.33192119905306994,3,0.0,0,0.0,0.0,LOW,2026-02-14 21:19:51
0.2708151386009882,3,0.0,0,0.0,0.0,LOW,2026-02-14 21:19:51
0.2376094154000016,3,0.0,0,0.0,0.0,LOW,2026-02-14 21:19:51
0.21095174333061867,3,0.0,0,0.0,0.0,LOW,2026-02-14 21:19:51
0.27573645511449607,3,0.0,0,0.0,0.0,LOW,2026-02-14 21:19:51
0.296385519718821,3,0.0,0,0.0,0.0,LOW,2026-02-14 21:19:51
0.3198895373178563,3,0.0,0,0.0,0.0,LOW,2026-02-14 21:19:51
0.3202990140246996,3,0.0,0,0.0,0.0,LOW,2026-02-14 21:19:51
0.2916818114509475,3,0.0,0,0.0,0.0,LOW,2026-02-14 21:19:51
0.3248976806333995,3,0.0,0,0.0,0.0,LOW,2026-02-14 21:19:51
0.28187413367802,3,0.0,0,0.0,0.0,LOW,2026-02-14 21:19:51
0.30163100614543686,3,0.0,0,0.0,0.0,LOW,2026-02-14 21:19:51
0.2931025302165312,3,0.0,0,0.0,0.0,LOW,2026-02-14 21:19:51
0.3254317892163383,3,0.0,0,0.0,0.0,LOW,2026-02-14 21:19:51
0.30409843729768826,3,0.0,0,0.0,0.0,LOW,2026-02-14 21:19:51
0.31101342178052976,3,0.0,0,0.0,0.0,LOW,2026-02-14 21:19:51
0.31065422121706776,3,0.0,0,0.0,0.0,LOW,2026-02-14 21:19:51
0.3279600229803602,3,0.0,0,0.0,0.0,LOW,2026-02-14 21:19:51
0.3013519710030179,3,0.0,0,0.0,0.0,LOW,2026-02-14 21:19:51
0.30688070011248625,3,0.0,0,0.0,0.0,LOW,2026-02-14 21:19:51
0.3058986431039088,3,0.0,0,0.0,0.0,LOW,2026-02-14 21:19:51
0.30877482708573384,3,0.0,0,0.0,0.0,LOW,2026-02-14 21:19:51
0.30426075212096987,3,0.0,0,0.0,0.0,LOW,2026-02-14 21:19:51
0.2868781735306685,3,0.0,0,0.0,0.0,LOW,2026-02-14 21:19:51
0.07640025558447078,3,0.0,0,0.0,100.0,HIGH,2026-02-14 21:19:51
0.23756136102783745,3,0.0,0,0.0,0.0,LOW,2026-02-14 21:19:51
0.2610635418915943,3,0.0,0,0.0,0.0,LOW,2026-02-14 21:19:51
0.30936224366756204,3,0.0,0,0.0,0.0,LOW,2026-02-14 21:19:51
0.30185984260289234,3,0.0,0,0.0,0.0,LOW,2026-02-14 21:19:51
0.3058986431039088,3,0.0,0,0.0,0.0,LOW,2026-02-14 21:19:51
0.30186252883957826,3,0.0,0,0.0,0.0,LOW,2026-02-14 21:19:51
0.3077051988830288,3,0.0,0,0.0,0.0,LOW,2026-02-14 21:19:51
0.3045076206727658,3,0.0,0,0.0,0.0,LOW,2026-02-14 21:19:51
0.2951838301082843,3,0.0,0,0.0,0.0,LOW,2026-02-14 21:19:51
0.30322615889349047,3,0.0,0,0.0,0.0,LOW,2026-02-14 21:19:51
0.07586871503753173,3,0.0,0,0.0,100.0,HIGH,2026-02-14 21:19:51
0.06436293330148782,3,0.1134645938873291,0,0.0,100.0,HIGH,2026-02-14 21:19:51
0.2064279262016371,4,0.0,0,0.0,0.0,LOW,2026-02-14 21:19:51
0.23745348705466762,4,0.0,0,0.0,0.0,LOW,2026-02-14 21:19:51
0.2591778412296233,4,0.0,0,0.0,0.0,LOW,2026-02-14 21:19:51
0.2823810356749395,4,0.0,0,0.0,0.0,LOW,2026-02-14 21:19:51
0.2942674548174935,4,0.0,0,0.0,0.0,LOW,2026-02-14 21:19:51
0.31938930509261243,4,0.0,0,0.0,0.0,LOW,2026-02-14 21:19:51
0.3037589706807235,4,0.0,0,0.0,0.0,LOW,2026-02-14 21:19:51
0.26784194899073666,4,0.0,0,0.0,0.0,LOW,2026-02-14 21:19:51
0.314936603384288,4,0.0,0,0.0,0.0,LOW,2026-02-14 21:19:51
0.2970907208761502,4,0.0,0,0.0,0.0,LOW,2026-02-14 21:19:51
0.29245772042530727,4,0.0,0,0.0,0.0,LOW,2026-02-14 21:19:51
0.2805489661784409,4,0.0,0,0.0,0.0,LOW,2026-02-14 21:19:51
0.08055304237933514,4,0.0,0,0.0,100.0,HIGH,2026-02-14 21:19:51
0.062092002516793664,4,0.1170339584350586,0,0.0,100.0,HIGH,2026-02-14 21:19:51
0.07300779138727743,4,0.23581862449645996,0,0.0,100.0,HIGH,2026-02-14 21:19:51
0.17356584618447757,4,0.35802388191223145,0,0.0,100.0,HIGH,2026-02-14 21:19:51
0.31067665278814893,5,0.0,0,0.0,0.0,LOW,2026-02-14 21:19:51
0.31938930509261243,5,0.0,0,0.0,0.0,LOW,2026-02-14 21:19:51
0.27018899029484544,5,0.0,0,0.0,0.0,LOW,2026-02-14 21:19:51
0.31891532812348,5,0.0,0,0.0,0.0,LOW,2026-02-14 21:19:51
0.3107081864284996,5,0.0,0,0.0,0.0,LOW,2026-02-14 21:19:51
0.3147129153045669,5,0.0,0,0.0,0.0,LOW,2026-02-14 21:19:51
0.31452869205773937,5,0.0,0,0.0,0.0,LOW,2026-02-14 21:19:51
0.32152449124427374,5,0.0,0,0.0,0.0,LOW,2026-02-14 21:19:51
0.2910320199872671,5,0.0,0,0.0,0.0,LOW,2026-02-14 21:19:51
0.2596138612646548,5,0.0,0,0.0,0.0,LOW,2026-02-14 21:19:51
0.2536490475176419,5,0.0,0,0.0,0.0,LOW,2026-02-14 21:19:51
0.26053319045589696,5,0.0,0,0.0,0.0,LOW,2026-02-14 21:19:51
0.24796957228191352,5,0.0,0,0.0,0.0,LOW,2026-02-14 21:19:51
0.27215266109404757,5,0.0,0,0.0,0.0,LOW,2026-02-14 21:19:51
0.2862350116881701,5,0.0,0,0.0,0.0,LOW,2026-02-14 21:19:51
0.30827025203080266,5,0.0,0,0.0,0.0,LOW,2026-02-14 21:19:51
0.29107599472254475,5,0.0,0,0.0,0.0,LOW,2026-02-14 21:19:51
0.2585379164073556,5,0.0,0,0.0,0.0,LOW,2026-02-14 21:19:51
0.27660723756234795,5,0.0,0,0.0,0.0,LOW,2026-02-14 21:19:51
0.2945767620757034,5,0.0,0,0.0,0.0,LOW,2026-02-14 21:19:51
0.27331707761957913,5,0.0,0,0.0,0.0,LOW,2026-02-14 21:19:51
0.2738134743675372,5,0.0,0,0.0,0.0,LOW,2026-02-14 21:19:51
0.2712894377296651,5,0.0,0,0.0,0.0,LOW,2026-02-14 21:19:51
0.2874047895996801,5,0.0,0,0.0,0.0,LOW,2026-02-14 21:19:51
0.2816936409357731,5,0.0,0,0.0,0.0,LOW,2026-02-14 21:19:51
0.25834868639484276,5,0.0,0,0.0,0.0,LOW,2026-02-14 21:19:51
0.31527583582874574,5,0.0,0,0.0,0.0,LOW,2026-02-14 21:19:51
0.26355616503037926,5,0.0,0,0.0,0.0,LOW,2026-02-14 21:19:51
0.28144320874421697,5,0.0,0,0.0,0.0,LOW,2026-02-14 21:19:51
0.2596498294754371,5,0.0,0,0.0,0.0,LOW,2026-02-14 21:19:51
0.2414340130651162,5,0.0,0,0.0,0.0,LOW,2026-02-14 21:19:51
0.19005006795384782,5,0.0,0,0.0,99.0,HIGH,2026-02-14 21:19:51
0.22675660670004222,5,0.0,0,0.0,0.0,LOW,2026-02-14 21:19:51
0.27420324071444846,5,0.0,0,0.0,0.0,LOW,2026-02-14 21:19:51
